Average Speed,Vehicle Count,Timestamp,Street,Nearest Centroid
Average Speed,Vehicle Count,Timestamp,Street,Nearest Centroid
Average Speed,Vehicle Count,Timestamp,Street,Nearest Centroid
61,0,2014-02-20 17:55:00,West Street,n/a
19,1,2014-02-20 17:55:00,High Street,n/a
22,3,2014-02-20 17:55:00,North Street,n/a
45,4,2014-02-20 17:55:00,North Street,n/a
41,0,2014-02-20 17:55:00,East Street,n/a
54,2,2014-02-20 17:55:00,West Street,n/a
29,8,2014-02-20 17:55:00,North Street,n/a
35,2,2014-02-20 17:55:00,North Street,n/a
33,0,2014-02-20 17:55:00,North Street,n/a
43,2,2014-02-20 17:55:00,North Street,n/a
69,18,2014-02-20 17:55:00,South Street,n/a
90,12,2014-02-20 17:55:00,South Street,n/a
58,4,2014-02-20 17:55:00,North Street,n/a
59,1,2014-02-20 17:55:00,North Street,n/a
36,1,2014-02-20 17:55:00,West Street,n/a
33,2,2014-02-20 17:55:00,High Street,n/a
80,9,2014-02-20 17:55:00,West Street,n/a
17,3,2014-02-20 17:55:00,High Street,n/a
24,4,2014-02-20 17:55:00,South Street,n/a
38,1,2014-02-20 17:55:00,South Street,n/a
58,4,2014-02-20 17:55:00,North Street,n/a
52,3,2014-02-20 17:55:00,North Street,n/a
24,0,2014-02-20 17:55:00,High Street,n/a
35,5,2014-02-20 17:55:00,East Street,n/a
21,4,2014-02-20 17:55:00,North Street,n/a
27,0,2014-02-20 17:55:00,North Street,n/a
31,1,2014-02-20 17:55:00,South Street,n/a
49,4,2014-02-20 17:55:00,High Street,n/a
38,1,2014-02-20 17:55:00,High Street,n/a
14,0,2014-02-20 17:55:00,West Street,n/a
27,0,2014-02-20 17:55:00,South Street,n/a
84,3,2014-02-20 17:55:00,South Street,n/a
80,6,2014-02-20 17:55:00,South Street,n/a
21,5,2014-02-20 17:55:00,North Street,n/a
21,4,2014-02-20 17:55:00,West Street,n/a
21,0,2014-02-20 17:55:00,South Street,n/a
41,2,2014-02-20 17:55:00,South Street,n/a
84,11,2014-02-20 17:55:00,South Street,n/a
49,0,2014-02-20 17:55:00,High Street,n/a
61,6,2014-02-20 17:55:00,West Street,n/a
30,2,2014-02-20 17:55:00,North Street,n/a
51,4,2014-02-20 17:55:00,North Street,n/a
0,0,2014-02-20 17:55:00,North Street,n/a
22,1,2014-02-20 17:55:00,North Street,n/a
81,1,2014-02-20 17:55:00,North Street,n/a
28,5,2014-02-20 17:55:00,West Street,n/a
62,1,2014-02-20 17:55:00,North Street,n/a
47,3,2014-02-20 17:55:00,North Street,n/a
20,5,2014-02-20 17:55:00,South Street,n/a
48,4,2014-02-20 17:55:00,North Street,n/a
73,6,2014-02-20 17:55:00,South Street,n/a
69,2,2014-02-20 17:55:00,South Street,n/a
53,3,2014-02-20 17:55:00,West Street,n/a
34,7,2014-02-20 17:55:00,South Street,n/a
45,0,2014-02-20 17:55:00,West Street,n/a
0,0,2014-02-20 17:55:00,North Street,n/a
49,3,2014-02-20 17:55:00,North Street,n/a
26,0,2014-02-20 17:55:00,High Street,n/a
56,12,2014-02-20 17:55:00,South Street,n/a
43,0,2014-02-20 17:55:00,North Street,n/a
45,20,2014-02-20 17:55:00,High Street,n/a
0,0,2014-02-20 17:55:00,High Street,n/a
46,0,2014-02-20 17:55:00,North Street,n/a
55,0,2014-02-20 17:55:00,South Street,n/a
52,0,2014-02-20 17:55:00,West Street,n/a
35,12,2014-02-20 17:55:00,High Street,n/a
0,0,2014-02-20 17:55:00,High Street,n/a
39,1,2014-02-20 17:55:00,South Street,n/a
109,19,2014-02-20 17:55:00,South Street,n/a
49,3,2014-02-20 17:55:00,East Street,n/a
41,8,2014-02-20 17:55:00,High Street,n/a
61,1,2014-02-20 17:55:00,North Street,n/a
42,8,2014-02-20 17:55:00,North Street,n/a
34,10,2014-02-20 17:55:00,North Street,n/a
79,4,2014-02-20 17:55:00,North Street,n/a
58,7,2014-02-20 17:55:00,North Street,n/a
74,5,2014-02-20 17:55:00,West Street,n/a
58,1,2014-02-20 17:55:00,West Street,n/a
16,0,2014-02-20 17:55:00,North Street,n/a
33,0,2014-02-20 17:55:00,North Street,n/a
55,4,2014-02-20 17:55:00,High Street,n/a
10,0,2014-02-20 17:55:00,High Street,n/a
62,11,2014-02-20 17:55:00,High Street,n/a
0,0,2014-02-20 17:55:00,North Street,n/a
21,1,2014-02-20 17:55:00,West Street,n/a
30,0,2014-02-20 17:55:00,North Street,n/a
34,0,2014-02-20 17:55:00,West Street,n/a
59,8,2014-02-20 17:55:00,South Street,n/a
52,3,2014-02-20 17:55:00,West Street,n/a
30,1,2014-02-20 17:55:00,South Street,n/a
15,1,2014-02-20 17:55:00,South Street,n/a
24,0,2014-02-20 17:55:00,North Street,n/a
3,0,2014-02-20 17:55:00,High Street,n/a
57,9,2014-02-20 17:55:00,West Street,n/a
43,7,2014-02-20 17:55:00,High Street,n/a
31,2,2014-02-20 17:55:00,High Street,n/a
47,1,2014-02-20 17:55:00,North Street,n/a
0,0,2014-02-20 17:55:00,High Street,n/a
35,4,2014-02-20 17:55:00,High Street,n/a
32,4,2014-02-20 17:55:00,South Street,n/a
31,9,2014-02-20 17:55:00,North Street,n/a
24,0,2014-02-20 17:55:00,West Street,n/a
43,0,2014-02-20 17:55:00,West Street,n/a
57,4,2014-02-20 17:55:00,North Street,n/a
24,5,2014-02-20 17:55:00,North Street,n/a
0,0,2014-02-20 17:55:00,South Street,n/a
38,2,2014-02-20 17:55:00,North Street,n/a
16,1,2014-02-20 17:55:00,West Street,n/a
33,4,2014-02-20 17:55:00,North Street,n/a
45,11,2014-02-20 17:55:00,High Street,n/a
47,1,2014-02-20 17:55:00,High Street,n/a
70,6,2014-02-20 17:55:00,South Street,n/a
30,0,2014-02-20 17:55:00,West Street,n/a
48,5,2014-02-20 17:55:00,North Street,n/a
22,0,2014-02-20 17:55:00,North Street,n/a
36,9,2014-02-20 17:55:00,South Street,n/a
38,7,2014-02-20 17:55:00,West Street,n/a
19,0,2014-02-20 17:55:00,North Street,n/a
35,2,2014-02-20 17:55:00,High Street,n/a
29,0,2014-02-20 17:55:00,North Street,n/a
22,0,2014-02-20 17:55:00,High Street,n/a
45,2,2014-02-20 17:55:00,South Street,n/a
31,0,2014-02-20 17:55:00,South Street,n/a
55,0,2014-02-20 17:55:00,North Street,n/a
77,16,2014-02-20 17:55:00,North Street,n/a
61,3,2014-02-20 17:55:00,South Street,n/a
42,0,2014-02-20 17:55:00,North Street,n/a
54,4,2014-02-20 17:55:00,North Street,n/a
51,0,2014-02-20 17:55:00,West Street,n/a
58,1,2014-02-20 17:55:00,North Street,n/a
62,12,2014-02-20 17:55:00,South Street,n/a
34,2,2014-02-20 17:55:00,North Street,n/a
32,7,2014-02-20 17:55:00,North Street,n/a
17,0,2014-02-20 17:55:00,South Street,n/a
35,2,2014-02-20 17:55:00,West Street,n/a
26,0,2014-02-20 17:55:00,South Street,n/a
63,1,2014-02-20 17:55:00,South Street,n/a
48,7,2014-02-20 17:55:00,North Street,n/a
24,3,2014-02-20 17:55:00,North Street,n/a
24,20,2014-02-20 17:55:00,West Street,n/a
38,1,2014-02-20 17:55:00,West Street,n/a
55,2,2014-02-20 17:55:00,South Street,n/a
39,3,2014-02-20 17:55:00,High Street,n/a
68,3,2014-02-20 17:55:00,North Street,n/a
38,0,2014-02-20 17:55:00,High Street,n/a
23,3,2014-02-20 17:55:00,North Street,n/a
56,10,2014-02-20 17:55:00,South Street,n/a
17,4,2014-02-20 17:55:00,West Street,n/a
55,11,2014-02-20 17:55:00,North Street,n/a
24,3,2014-02-20 17:55:00,High Street,n/a
40,2,2014-02-20 17:55:00,South Street,n/a
57,2,2014-02-20 17:55:00,South Street,n/a
0,0,2014-02-20 17:55:00,North Street,n/a
20,1,2014-02-20 17:55:00,South Street,n/a
0,0,2014-02-20 17:55:00,South Street,n/a
57,6,2014-02-20 17:55:00,South Street,n/a
56,5,2014-02-20 17:55:00,South Street,n/a
35,0,2014-02-20 17:55:00,South Street,n/a
32,2,2014-02-20 17:55:00,North Street,n/a
23,2,2014-02-20 17:55:00,High Street,n/a
38,4,2014-02-20 17:55:00,South Street,n/a
38,2,2014-02-20 17:55:00,South Street,n/a
58,9,2014-02-20 17:55:00,South Street,n/a
78,2,2014-02-20 17:55:00,North Street,n/a
62,2,2014-02-20 17:55:00,North Street,n/a
55,0,2014-02-20 17:55:00,High Street,n/a
49,6,2014-02-20 17:55:00,West Street,n/a
49,2,2014-02-20 17:55:00,North Street,n/a
76,20,2014-02-20 17:55:00,West Street,n/a
30,2,2014-02-20 17:55:00,North Street,n/a
60,9,2014-02-20 17:55:00,South Street,n/a
20,1,2014-02-20 17:55:00,North Street,n/a
52,16,2014-02-20 17:55:00,North Street,n/a
0,0,2014-02-20 17:55:00,East Street,n/a
30,13,2014-02-20 17:55:00,South Street,n/a
36,2,2014-02-20 17:55:00,North Street,n/a
40,6,2014-02-20 17:55:00,South Street,n/a
44,13,2014-02-20 17:55:00,West Street,n/a
53,10,2014-02-20 17:55:00,High Street,n/a
52,2,2014-02-20 17:55:00,South Street,n/a
36,0,2014-02-20 17:55:00,North Street,n/a
33,4,2014-02-20 17:55:00,South Street,n/a
29,3,2014-02-20 17:55:00,High Street,n/a
57,19,2014-02-20 17:55:00,North Street,n/a
54,10,2014-02-20 17:55:00,South Street,n/a
32,2,2014-02-20 17:55:00,North Street,n/a
29,0,2014-02-20 17:55:00,North Street,n/a
28,0,2014-02-20 17:55:00,North Street,n/a
40,2,2014-02-20 17:55:00,High Street,n/a
9,0,2014-02-20 17:55:00,South Street,n/a
37,3,2014-02-20 17:55:00,South Street,n/a
15,0,2014-02-20 17:55:00,High Street,n/a
34,0,2014-02-20 17:55:00,West Street,n/a
19,1,2014-02-20 17:55:00,West Street,n/a
16,0,2014-02-20 17:55:00,West Street,n/a
27,0,2014-02-20 17:55:00,High Street,n/a
38,12,2014-02-20 17:55:00,North Street,n/a
24,0,2014-02-20 17:55:00,High Street,n/a
19,0,2014-02-20 17:55:00,East Street,n/a
69,14,2014-02-20 17:55:00,South Street,n/a
38,2,2014-02-20 17:55:00,West Street,n/a
29,3,2014-02-20 17:55:00,High Street,n/a
55,6,2014-02-20 17:55:00,North Street,n/a
38,16,2014-02-20 17:55:00,South Street,n/a
53,1,2014-02-20 17:55:00,North Street,n/a
0,0,2014-02-20 17:55:00,North Street,n/a
90,6,2014-02-20 17:55:00,West Street,n/a
39,0,2014-02-20 17:55:00,West Street,n/a
0,0,2014-02-20 17:55:00,North Street,n/a
79,7,2014-02-20 17:55:00,South Street,n/a
70,5,2014-02-20 17:55:00,South Street,n/a
45,16,2014-02-20 17:55:00,South Street,n/a
58,10,2014-02-20 17:55:00,South Street,n/a
50,1,2014-02-20 17:55:00,West Street,n/a
37,2,2014-02-20 17:55:00,High Street,n/a
51,4,2014-02-20 17:55:00,West Street,n/a
55,1,2014-02-20 17:55:00,South Street,n/a
44,0,2014-02-20 17:55:00,East Street,n/a
50,6,2014-02-20 17:55:00,High Street,n/a
44,4,2014-02-20 17:55:00,South Street,n/a
0,0,2014-02-20 17:55:00,High Street,n/a
52,1,2014-02-20 17:55:00,High Street,n/a
76,6,2014-02-20 17:55:00,West Street,n/a
27,3,2014-02-20 17:55:00,East Street,n/a
32,1,2014-02-20 17:55:00,South Street,n/a
65,11,2014-02-20 17:55:00,South Street,n/a
51,2,2014-02-20 17:55:00,North Street,n/a
34,2,2014-02-20 17:55:00,North Street,n/a
46,0,2014-02-20 17:55:00,High Street,n/a
44,8,2014-02-20 17:55:00,North Street,n/a
65,2,2014-02-20 17:55:00,South Street,n/a
28,1,2014-02-20 17:55:00,South Street,n/a
51,6,2014-02-20 17:55:00,West Street,n/a
30,1,2014-02-20 17:55:00,West Street,n/a
59,1,2014-02-20 17:55:00,South Street,n/a
58,0,2014-02-20 17:55:00,High Street,n/a
77,1,2014-02-20 17:55:00,South Street,n/a
37,1,2014-02-20 17:55:00,North Street,n/a
42,0,2014-02-20 17:55:00,South Street,n/a
34,1,2014-02-20 17:55:00,High Street,n/a
0,0,2014-02-20 17:55:00,North Street,n/a
38,3,2014-02-20 17:55:00,North Street,n/a
91,6,2014-02-20 17:55:00,East Street,n/a
20,1,2014-02-20 17:55:00,South Street,n/a
58,7,2014-02-20 17:55:00,West Street,n/a
29,0,2014-02-20 17:55:00,High Street,n/a
65,10,2014-02-20 17:55:00,North Street,n/a
0,0,2014-02-20 17:55:00,North Street,n/a
82,3,2014-02-20 17:55:00,East Street,n/a
35,1,2014-02-20 17:55:00,West Street,n/a
22,1,2014-02-20 17:55:00,West Street,n/a
38,0,2014-02-20 17:55:00,South Street,n/a
40,2,2014-02-20 17:55:00,West Street,n/a
63,12,2014-02-20 17:55:00,West Street,n/a
104,6,2014-02-20 17:55:00,South Street,n/a
26,1,2014-02-20 17:55:00,West Street,n/a
46,0,2014-02-20 17:55:00,West Street,n/a
68,6,2014-02-20 17:55:00,South Street,n/a
60,10,2014-02-20 17:55:00,North Street,n/a
7,5,2014-02-20 17:55:00,High Street,n/a
37,0,2014-02-20 17:55:00,North Street,n/a
28,1,2014-02-20 17:55:00,South Street,n/a
0,0,2014-02-20 17:55:00,West Street,n/a
0,0,2014-02-20 17:55:00,South Street,n/a
44,3,2014-02-20 17:55:00,East Street,n/a
38,3,2014-02-20 17:55:00,East Street,n/a
38,0,2014-02-20 17:55:00,West Street,n/a
58,8,2014-02-20 17:55:00,North Street,n/a
41,8,2014-02-20 17:55:00,North Street,n/a
18,6,2014-02-20 17:55:00,North Street,n/a
42,0,2014-02-20 17:55:00,North Street,n/a
40,1,2014-02-20 17:55:00,North Street,n/a
101,0,2014-02-20 17:55:00,High Street,n/a
0,0,2014-02-20 17:55:00,South Street,n/a
61,4,2014-02-20 17:55:00,East Street,n/a
52,4,2014-02-20 17:55:00,North Street,n/a
66,16,2014-02-20 17:55:00,North Street,n/a
29,3,2014-02-20 17:55:00,West Street,n/a
27,2,2014-02-20 17:55:00,West Street,n/a
37,0,2014-02-20 17:55:00,South Street,n/a
32,6,2014-02-20 17:55:00,West Street,n/a
47,4,2014-02-20 17:55:00,South Street,n/a
28,4,2014-02-20 17:55:00,South Street,n/a
35,0,2014-02-20 17:55:00,High Street,n/a
45,6,2014-02-20 17:55:00,North Street,n/a
43,1,2014-02-20 17:55:00,High Street,n/a
56,5,2014-02-20 17:55:00,South Street,n/a
60,3,2014-02-20 17:55:00,West Street,n/a
35,3,2014-02-20 17:55:00,South Street,n/a
73,5,2014-02-20 17:55:00,North Street,n/a
54,1,2014-02-20 17:55:00,South Street,n/a
32,9,2014-02-20 17:55:00,North Street,n/a
55,6,2014-02-20 17:55:00,South Street,n/a
28,1,2014-02-20 17:55:00,South Street,n/a
47,2,2014-02-20 17:55:00,North Street,n/a
50,5,2014-02-20 17:55:00,West Street,n/a
29,5,2014-02-20 17:55:00,West Street,n/a
47,1,2014-02-20 17:55:00,High Street,n/a
52,5,2014-02-20 17:55:00,South Street,n/a
43,0,2014-02-20 17:55:00,North Street,n/a
30,0,2014-02-20 17:55:00,West Street,n/a
64,2,2014-02-20 17:55:00,West Street,n/a
29,3,2014-02-20 17:55:00,North Street,n/a
30,3,2014-02-20 17:55:00,High Street,n/a
0,0,2014-02-20 17:55:00,North Street,n/a
71,1,2014-02-20 17:55:00,South Street,n/a
43,8,2014-02-20 17:55:00,East Street,n/a
28,4,2014-02-20 17:55:00,High Street,n/a
53,4,2014-02-20 17:55:00,South Street,n/a
41,1,2014-02-20 17:55:00,South Street,n/a
75,4,2014-02-20 17:55:00,East Street,n/a
0,0,2014-02-20 17:55:00,South Street,n/a
46,3,2014-02-20 17:55:00,West Street,n/a
40,2,2014-02-20 17:55:00,South Street,n/a
61,6,2014-02-20 17:55:00,High Street,n/a
0,0,2014-02-20 17:55:00,North Street,n/a
47,3,2014-02-20 17:55:00,South Street,n/a
22,0,2014-02-20 17:55:00,High Street,n/a
0,0,2014-02-20 17:55:00,South Street,n/a
67,8,2014-02-20 17:55:00,North Street,n/a
31,3,2014-02-20 17:55:00,North Street,n/a
33,0,2014-02-20 17:55:00,West Street,n/a
28,0,2014-02-20 17:55:00,High Street,n/a
37,2,2014-02-20 17:55:00,South Street,n/a
40,0,2014-02-20 17:55:00,West Street,n/a
27,2,2014-02-20 17:55:00,West Street,n/a
43,0,2014-02-20 17:55:00,North Street,n/a
40,8,2014-02-20 17:55:00,West Street,n/a
63,0,2014-02-20 17:55:00,South Street,n/a
47,1,2014-02-20 17:55:00,East Street,n/a
18,0,2014-02-20 17:55:00,North Street,n/a
43,2,2014-02-20 17:55:00,South Street,n/a
31,7,2014-02-20 17:55:00,South Street,n/a
56,8,2014-02-20 17:55:00,North Street,n/a
49,5,2014-02-20 17:55:00,High Street,n/a
63,3,2014-02-20 17:55:00,North Street,n/a
44,1,2014-02-20 17:55:00,North Street,n/a
37,0,2014-02-20 17:55:00,North Street,n/a
54,9,2014-02-20 17:55:00,North Street,n/a
51,1,2014-02-20 17:55:00,South Street,n/a
17,1,2014-02-20 17:55:00,North Street,n/a
52,5,2014-02-20 17:55:00,South Street,n/a
53,0,2014-02-20 17:55:00,East Street,n/a
18,3,2014-02-20 17:55:00,West Street,n/a
42,5,2014-02-20 17:55:00,South Street,n/a
22,1,2014-02-20 17:55:00,North Street,n/a
16,3,2014-02-20 17:55:00,North Street,n/a
25,0,2014-02-20 17:55:00,North Street,n/a
35,10,2014-02-20 17:55:00,High Street,n/a
52,7,2014-02-20 17:55:00,West Street,n/a
34,0,2014-02-20 17:55:00,West Street,n/a
22,8,2014-02-20 17:55:00,South Street,n/a
52,3,2014-02-20 17:55:00,South Street,n/a
65,12,2014-02-20 17:55:00,North Street,n/a
42,5,2014-02-20 17:55:00,East Street,n/a
0,0,2014-02-20 17:55:00,High Street,n/a
36,0,2014-02-20 17:55:00,South Street,n/a
38,1,2014-02-20 17:55:00,West Street,n/a
0,0,2014-02-20 17:55:00,South Street,n/a
0,0,2014-02-20 17:55:00,South Street,n/a
26,0,2014-02-20 17:55:00,High Street,n/a
58,2,2014-02-20 17:55:00,North Street,n/a
25,0,2014-02-20 17:55:00,North Street,n/a
61,3,2014-02-20 17:55:00,South Street,n/a
29,0,2014-02-20 17:55:00,High Street,n/a
52,8,2014-02-20 17:55:00,South Street,n/a
53,0,2014-02-20 17:55:00,North Street,n/a
87,0,2014-02-20 17:55:00,South Street,n/a
33,0,2014-02-20 17:55:00,East Street,n/a
4,0,2014-02-20 17:55:00,North Street,n/a
27,1,2014-02-20 17:55:00,West Street,n/a
61,2,2014-02-20 17:55:00,South Street,n/a
31,0,2014-02-20 17:55:00,East Street,n/a
87,6,2014-02-20 17:55:00,West Street,n/a
39,0,2014-02-20 17:55:00,South Street,n/a
37,3,2014-02-20 17:55:00,North Street,n/a
39,2,2014-02-20 17:55:00,East Street,n/a
21,2,2014-02-20 17:55:00,North Street,n/a
67,0,2014-02-20 17:55:00,High Street,n/a
37,0,2014-02-20 17:55:00,South Street,n/a
48,5,2014-02-20 17:55:00,West Street,n/a
38,4,2014-02-20 17:55:00,South Street,n/a
64,1,2014-02-20 17:55:00,South Street,n/a
28,0,2014-02-20 17:55:00,South Street,n/a
41,0,2014-02-20 17:55:00,High Street,n/a
31,7,2014-02-20 17:55:00,West Street,n/a
49,1,2014-02-20 17:55:00,North Street,n/a
57,2,2014-02-20 17:55:00,West Street,n/a
0,0,2014-02-20 17:55:00,South Street,n/a
47,6,2014-02-20 17:55:00,West Street,n/a
48,6,2014-02-20 17:55:00,North Street,n/a
0,0,2014-02-20 17:55:00,High Street,n/a
40,4,2014-02-20 17:55:00,North Street,n/a
60,0,2014-02-20 17:55:00,High Street,n/a
59,7,2014-02-20 17:55:00,South Street,n/a
54,0,2014-02-20 17:55:00,High Street,n/a
17,0,2014-02-20 17:55:00,East Street,n/a
47,15,2014-02-20 17:55:00,North Street,n/a
65,7,2014-02-20 17:55:00,West Street,n/a
43,0,2014-02-20 17:55:00,High Street,n/a
40,8,2014-02-20 17:55:00,High Street,n/a
95,18,2014-02-20 17:55:00,High Street,n/a
35,0,2014-02-20 17:55:00,South Street,n/a
40,0,2014-02-20 17:55:00,High Street,n/a
57,0,2014-02-20 17:55:00,High Street,n/a
45,0,2014-02-20 17:55:00,North Street,n/a
14,5,2014-02-20 17:55:00,West Street,n/a
32,2,2014-02-20 17:55:00,South Street,n/a
46,8,2014-02-20 17:55:00,South Street,n/a
24,12,2014-02-20 17:55:00,West Street,n/a
22,1,2014-02-20 17:55:00,High Street,n/a
44,0,2014-02-20 17:55:00,North Street,n/a
52,3,2014-02-20 17:55:00,West Street,n/a
4,0,2014-02-20 17:55:00,High Street,n/a
38,7,2014-02-20 17:55:00,South Street,n/a
44,1,2014-02-20 17:55:00,High Street,n/a
88,0,2014-02-20 17:55:00,West Street,n/a
81,2,2014-02-20 17:55:00,West Street,n/a
43,1,2014-02-20 17:55:00,South Street,n/a
63,5,2014-02-20 17:55:00,North Street,n/a
21,2,2014-02-20 17:55:00,North Street,n/a
73,12,2014-02-20 17:55:00,West Street,n/a
50,0,2014-02-20 17:55:00,High Street,n/a
29,9,2014-02-20 17:55:00,North Street,n/a
27,0,2014-02-20 17:55:00,North Street,n/a
43,1,2014-02-20 17:55:00,South Street,n/a
52,1,2014-02-20 17:55:00,North Street,n/a
53,1,2014-02-20 17:55:00,West Street,n/a
34,5,2014-02-20 17:55:00,North Street,n/a
27,0,2014-02-20 17:55:00,West Street,n/a
33,0,2014-02-20 17:55:00,North Street,n/a
62,2,2014-02-20 17:55:00,South Street,n/a
35,3,2014-02-20 17:55:00,North Street,n/a
49,0,2014-02-20 17:55:00,South Street,n/a
87,11,2014-02-20 17:55:00,High Street,n/a
35,0,2014-02-20 17:55:00,High Street,n/a
26,7,2014-02-20 17:55:00,High Street,n/a
67,11,2014-02-20 17:55:00,North Street,n/a
49,0,2014-02-20 17:55:00,South Street,n/a
90,14,2014-02-20 17:55:00,High Street,n/a
56,15,2014-02-20 17:55:00,North Street,n/a
0,0,2014-02-20 17:55:00,North Street,n/a
49,7,2014-02-20 17:55:00,South Street,n/a
0,0,2014-02-20 17:55:00,North Street,n/a
90,3,2014-02-20 17:55:00,West Street,n/a
30,0,2014-02-20 17:55:00,High Street,n/a
40,1,2014-02-20 17:55:00,South Street,n/a
38,3,2014-02-20 17:55:00,South Street,n/a
55,0,2014-02-20 17:55:00,High Street,n/a
0,0,2014-02-20 18:00:00,North Street,n/a
114,17,2014-02-20 18:00:00,North Street,n/a
0,0,2014-02-20 18:00:00,South Street,n/a
74,3,2014-02-20 18:00:00,High Street,n/a
38,3,2014-02-20 18:00:00,South Street,n/a
61,0,2014-02-20 18:00:00,North Street,n/a
17,3,2014-02-20 18:00:00,South Street,n/a
18,1,2014-02-20 18:00:00,South Street,n/a
34,2,2014-02-20 18:00:00,South Street,n/a
35,0,2014-02-20 18:00:00,North Street,n/a
41,2,2014-02-20 18:05:00,West Street,n/a
54,4,2014-02-20 18:05:00,High Street,n/a
60,3,2014-02-20 18:05:00,South Street,n/a
64,7,2014-02-20 18:05:00,North Street,n/a
14,0,2014-02-20 18:05:00,North Street,n/a
26,1,2014-02-20 18:05:00,West Street,n/a
52,0,2014-02-20 18:05:00,East Street,n/a
75,1,2014-02-20 18:05:00,South Street,n/a
33,15,2014-02-20 18:05:00,North Street,n/a
39,5,2014-02-20 18:05:00,North Street,n/a
33,2,2014-02-20 18:10:00,North Street,n/a
38,0,2014-02-20 18:10:00,South Street,n/a
36,6,2014-02-20 18:10:00,South Street,n/a
21,2,2014-02-20 18:10:00,West Street,n/a
86,21,2014-02-20 18:10:00,West Street,n/a
68,6,2014-02-20 18:10:00,High Street,n/a
33,2,2014-02-20 18:10:00,High Street,n/a
42,6,2014-02-20 18:10:00,High Street,n/a
33,0,2014-02-20 18:10:00,West Street,n/a
22,2,2014-02-20 18:10:00,North Street,n/a
28,0,2014-02-20 18:15:00,West Street,n/a
21,0,2014-02-20 18:15:00,West Street,n/a
32,2,2014-02-20 18:15:00,West Street,n/a
26,4,2014-02-20 18:15:00,South Street,n/a
26,2,2014-02-20 18:15:00,South Street,n/a
61,1,2014-02-20 18:15:00,South Street,n/a
52,0,2014-02-20 18:15:00,West Street,n/a
40,0,2014-02-20 18:15:00,High Street,n/a
34,3,2014-02-20 18:15:00,South Street,n/a
51,8,2014-02-20 18:15:00,North Street,n/a
67,2,2014-02-20 18:20:00,North Street,n/a
31,6,2014-02-20 18:20:00,South Street,n/a
44,1,2014-02-20 18:20:00,South Street,n/a
62,2,2014-02-20 18:20:00,High Street,n/a
82,7,2014-02-20 18:20:00,High Street,n/a
34,8,2014-02-20 18:20:00,North Street,n/a
55,0,2014-02-20 18:20:00,South Street,n/a
19,0,2014-02-20 18:20:00,South Street,n/a
24,4,2014-02-20 18:20:00,West Street,n/a
45,2,2014-02-20 18:20:00,High Street,n/a
65,3,2014-02-20 18:25:00,South Street,n/a
36,6,2014-02-20 18:25:00,North Street,n/a
25,3,2014-02-20 18:25:00,High Street,n/a
95,12,2014-02-20 18:25:00,South Street,n/a
35,0,2014-02-20 18:25:00,South Street,n/a
60,1,2014-02-20 18:25:00,High Street,n/a
24,3,2014-02-20 18:25:00,West Street,n/a
61,0,2014-02-20 18:25:00,High Street,n/a
65,6,2014-02-20 18:25:00,North Street,n/a
97,3,2014-02-20 18:25:00,High Street,n/a
16,0,2014-02-20 18:30:00,South Street,n/a
26,0,2014-02-20 18:30:00,High Street,n/a
0,0,2014-02-20 18:30:00,High Street,n/a
72,7,2014-02-20 18:30:00,High Street,n/a
44,0,2014-02-20 18:30:00,South Street,n/a
32,1,2014-02-20 18:30:00,South Street,n/a
62,1,2014-02-20 18:30:00,South Street,n/a
36,3,2014-02-20 18:30:00,North Street,n/a
21,0,2014-02-20 18:30:00,South Street,n/a
26,2,2014-02-20 18:30:00,South Street,n/a
39,1,2014-02-20 18:35:00,High Street,n/a
21,0,2014-02-20 18:35:00,High Street,n/a
69,1,2014-02-20 18:35:00,West Street,n/a
31,5,2014-02-20 18:35:00,North Street,n/a
68,7,2014-02-20 18:35:00,North Street,n/a
53,6,2014-02-20 18:35:00,High Street,n/a
73,2,2014-02-20 18:35:00,North Street,n/a
87,15,2014-02-20 18:35:00,West Street,n/a
33,0,2014-02-20 18:35:00,North Street,n/a
45,0,2014-02-20 18:35:00,North Street,n/a
38,2,2014-02-20 18:40:00,South Street,n/a
14,0,2014-02-20 18:40:00,East Street,n/a
52,0,2014-02-20 18:40:00,North Street,n/a
31,2,2014-02-20 18:40:00,South Street,n/a
43,0,2014-02-20 18:40:00,West Street,n/a
0,0,2014-02-20 18:40:00,North Street,n/a
32,4,2014-02-20 18:40:00,High Street,n/a
55,6,2014-02-20 18:40:00,West Street,n/a
40,2,2014-02-20 18:40:00,North Street,n/a
98,13,2014-02-20 18:40:00,High Street,n/a
39,0,2014-02-20 18:45:00,South Street,n/a
45,0,2014-02-20 18:45:00,South Street,n/a
61,0,2014-02-20 18:45:00,North Street,n/a
44,0,2014-02-20 18:45:00,South Street,n/a
19,2,2014-02-20 18:45:00,South Street,n/a
30,5,2014-02-20 18:45:00,High Street,n/a
52,5,2014-02-20 18:45:00,West Street,n/a
34,2,2014-02-20 18:45:00,High Street,n/a
31,0,2014-02-20 18:45:00,High Street,n/a
22,1,2014-02-20 18:45:00,South Street,n/a
61,2,2014-02-20 18:50:00,South Street,n/a
41,1,2014-02-20 18:50:00,East Street,n/a
51,5,2014-02-20 18:50:00,High Street,n/a
59,0,2014-02-20 18:50:00,South Street,n/a
19,0,2014-02-20 18:50:00,North Street,n/a
34,0,2014-02-20 18:50:00,South Street,n/a
51,3,2014-02-20 18:50:00,South Street,n/a
46,0,2014-02-20 18:50:00,North Street,n/a
89,4,2014-02-20 18:50:00,West Street,n/a
45,7,2014-02-20 18:50:00,West Street,n/a
63,1,2014-02-20 18:55:00,High Street,n/a
89,16,2014-02-20 18:55:00,North Street,n/a
95,3,2014-02-20 18:55:00,North Street,n/a
45,0,2014-02-20 18:55:00,South Street,n/a
46,2,2014-02-20 18:55:00,North Street,n/a
17,0,2014-02-20 18:55:00,South Street,n/a
14,0,2014-02-20 18:55:00,High Street,n/a
19,4,2014-02-20 18:55:00,West Street,n/a
15,0,2014-02-20 18:55:00,North Street,n/a
0,0,2014-02-20 18:55:00,South Street,n/a
29,1,2014-02-20 19:00:00,West Street,n/a
40,3,2014-02-20 19:00:00,West Street,n/a
39,4,2014-02-20 19:00:00,South Street,n/a
99,6,2014-02-20 19:00:00,North Street,n/a
45,1,2014-02-20 19:00:00,High Street,n/a
0,0,2014-02-20 19:00:00,High Street,n/a
57,5,2014-02-20 19:00:00,High Street,n/a
0,0,2014-02-20 19:00:00,West Street,n/a
76,3,2014-02-20 19:00:00,North Street,n/a
44,0,2014-02-20 19:00:00,East Street,n/a
34,0,2014-02-20 19:05:00,West Street,n/a
43,2,2014-02-20 19:05:00,South Street,n/a
64,1,2014-02-20 19:05:00,North Street,n/a
43,0,2014-02-20 19:05:00,High Street,n/a
11,1,2014-02-20 19:05:00,North Street,n/a
43,3,2014-02-20 19:05:00,West Street,n/a
39,0,2014-02-20 19:05:00,North Street,n/a
54,8,2014-02-20 19:05:00,North Street,n/a
44,0,2014-02-20 19:05:00,South Street,n/a
27,2,2014-02-20 19:05:00,High Street,n/a
22,1,2014-02-20 19:10:00,North Street,n/a
45,0,2014-02-20 19:10:00,North Street,n/a
84,2,2014-02-20 19:10:00,High Street,n/a
47,1,2014-02-20 19:10:00,North Street,n/a
32,3,2014-02-20 19:10:00,South Street,n/a
84,10,2014-02-20 19:10:00,High Street,n/a
47,0,2014-02-20 19:10:00,North Street,n/a
47,1,2014-02-20 19:10:00,High Street,n/a
63,1,2014-02-20 19:10:00,West Street,n/a
61,0,2014-02-20 19:10:00,North Street,n/a
74,2,2014-02-20 19:15:00,High Street,n/a
68,3,2014-02-20 19:15:00,South Street,n/a
52,0,2014-02-20 19:15:00,North Street,n/a
52,0,2014-02-20 19:15:00,High Street,n/a
45,3,2014-02-20 19:15:00,North Street,n/a
46,1,2014-02-20 19:15:00,South Street,n/a
14,0,2014-02-20 19:15:00,South Street,n/a
18,0,2014-02-20 19:15:00,North Street,n/a
36,0,2014-02-20 19:15:00,West Street,n/a
41,1,2014-02-20 19:15:00,South Street,n/a
23,0,2014-02-20 19:20:00,West Street,n/a
30,0,2014-02-20 19:20:00,High Street,n/a
49,0,2014-02-20 19:20:00,North Street,n/a
68,1,2014-02-20 19:20:00,West Street,n/a
61,0,2014-02-20 19:20:00,South Street,n/a
91,2,2014-02-20 19:20:00,South Street,n/a
21,0,2014-02-20 19:20:00,South Street,n/a
0,0,2014-02-20 19:20:00,High Street,n/a
34,0,2014-02-20 19:20:00,South Street,n/a
85,11,2014-02-20 19:20:00,North Street,n/a
104,0,2014-02-20 19:25:00,West Street,n/a
68,1,2014-02-20 19:25:00,North Street,n/a
45,0,2014-02-20 19:25:00,North Street,n/a
55,1,2014-02-20 19:25:00,West Street,n/a
52,0,2014-02-20 19:25:00,North Street,n/a
26,3,2014-02-20 19:25:00,High Street,n/a
49,3,2014-02-20 19:25:00,North Street,n/a
47,0,2014-02-20 19:25:00,North Street,n/a
18,0,2014-02-20 19:25:00,North Street,n/a
41,0,2014-02-20 19:25:00,North Street,n/a
23,1,2014-02-20 19:30:00,High Street,n/a
31,2,2014-02-20 19:30:00,North Street,n/a
92,10,2014-02-20 19:30:00,West Street,n/a
0,0,2014-02-20 19:30:00,West Street,n/a
68,0,2014-02-20 19:30:00,West Street,n/a
37,3,2014-02-20 19:30:00,North Street,n/a
30,0,2014-02-20 19:30:00,High Street,n/a
49,2,2014-02-20 19:30:00,High Street,n/a
28,1,2014-02-20 19:30:00,North Street,n/a
53,2,2014-02-20 19:30:00,North Street,n/a
95,7,2014-02-20 19:35:00,South Street,n/a
60,0,2014-02-20 19:35:00,West Street,n/a
38,0,2014-02-20 19:35:00,North Street,n/a
48,0,2014-02-20 19:35:00,South Street,n/a
89,2,2014-02-20 19:35:00,South Street,n/a
72,3,2014-02-20 19:35:00,East Street,n/a
28,0,2014-02-20 19:35:00,High Street,n/a
42,2,2014-02-20 19:35:00,North Street,n/a
36,1,2014-02-20 19:35:00,North Street,n/a
49,0,2014-02-20 19:35:00,West Street,n/a
0,0,2014-02-20 19:40:00,High Street,n/a
21,2,2014-02-20 19:40:00,West Street,n/a
56,0,2014-02-20 19:40:00,East Street,n/a
14,0,2014-02-20 19:40:00,North Street,n/a
0,0,2014-02-20 19:40:00,East Street,n/a
41,0,2014-02-20 19:40:00,High Street,n/a
77,9,2014-02-20 19:40:00,High Street,n/a
30,0,2014-02-20 19:40:00,West Street,n/a
23,0,2014-02-20 19:40:00,South Street,n/a
56,8,2014-02-20 19:40:00,North Street,n/a
72,0,2014-02-20 19:45:00,High Street,n/a
0,0,2014-02-20 19:45:00,West Street,n/a
53,3,2014-02-20 19:45:00,South Street,n/a
41,6,2014-02-20 19:45:00,High Street,n/a
26,0,2014-02-20 19:45:00,High Street,n/a
56,0,2014-02-20 19:45:00,North Street,n/a
33,4,2014-02-20 19:45:00,North Street,n/a
33,8,2014-02-20 19:45:00,South Street,n/a
38,1,2014-02-20 19:45:00,South Street,n/a
65,1,2014-02-20 19:45:00,South Street,n/a
47,1,2014-02-20 19:50:00,North Street,n/a
112,16,2014-02-20 19:50:00,High Street,n/a
14,0,2014-02-20 19:50:00,High Street,n/a
73,5,2014-02-20 19:50:00,High Street,n/a
24,0,2014-02-20 19:50:00,South Street,n/a
33,3,2014-02-20 19:50:00,West Street,n/a
39,4,2014-02-20 19:50:00,South Street,n/a
25,1,2014-02-20 19:50:00,High Street,n/a
23,0,2014-02-20 19:50:00,North Street,n/a
45,2,2014-02-20 19:50:00,North Street,n/a
39,3,2014-02-20 19:55:00,North Street,n/a
58,5,2014-02-20 19:55:00,North Street,n/a
0,0,2014-02-20 19:55:00,High Street,n/a
50,3,2014-02-20 19:55:00,South Street,n/a
79,0,2014-02-20 19:55:00,West Street,n/a
39,5,2014-02-20 19:55:00,North Street,n/a
16,0,2014-02-20 19:55:00,North Street,n/a
61,0,2014-02-20 19:55:00,North Street,n/a
60,2,2014-02-20 19:55:00,North Street,n/a
112,16,2014-02-20 19:55:00,South Street,n/a
34,0,2014-02-20 20:00:00,West Street,n/a
0,0,2014-02-20 20:00:00,South Street,n/a
36,1,2014-02-20 20:00:00,South Street,n/a
33,0,2014-02-20 20:00:00,South Street,n/a
49,1,2014-02-20 20:00:00,High Street,n/a
28,2,2014-02-20 20:00:00,North Street,n/a
43,0,2014-02-20 20:00:00,High Street,n/a
21,1,2014-02-20 20:00:00,High Street,n/a
18,1,2014-02-20 20:00:00,North Street,n/a
38,0,2014-02-20 20:00:00,North Street,n/a
33,0,2014-02-20 20:05:00,West Street,n/a
36,1,2014-02-20 20:05:00,High Street,n/a
54,0,2014-02-20 20:05:00,High Street,n/a
35,1,2014-02-20 20:05:00,South Street,n/a
58,0,2014-02-20 20:05:00,North Street,n/a
24,0,2014-02-20 20:05:00,North Street,n/a
16,0,2014-02-20 20:05:00,North Street,n/a
18,3,2014-02-20 20:05:00,West Street,n/a
71,9,2014-02-20 20:05:00,South Street,n/a
29,0,2014-02-20 20:05:00,West Street,n/a
0,0,2014-02-20 20:10:00,South Street,n/a
126,12,2014-02-20 20:10:00,South Street,n/a
79,1,2014-02-20 20:10:00,West Street,n/a
71,4,2014-02-20 20:10:00,North Street,n/a
51,2,2014-02-20 20:10:00,South Street,n/a
41,0,2014-02-20 20:10:00,South Street,n/a
25,1,2014-02-20 20:10:00,High Street,n/a
70,4,2014-02-20 20:10:00,West Street,n/a
25,0,2014-02-20 20:10:00,North Street,n/a
93,4,2014-02-20 20:10:00,South Street,n/a
60,0,2014-02-20 20:15:00,South Street,n/a
50,0,2014-02-20 20:15:00,South Street,n/a
120,5,2014-02-20 20:15:00,North Street,n/a
25,0,2014-02-20 20:15:00,West Street,n/a
51,2,2014-02-20 20:15:00,West Street,n/a
57,0,2014-02-20 20:15:00,South Street,n/a
38,4,2014-02-20 20:15:00,High Street,n/a
30,4,2014-02-20 20:15:00,South Street,n/a
55,4,2014-02-20 20:15:00,South Street,n/a
0,0,2014-02-20 20:15:00,South Street,n/a
24,1,2014-02-20 20:20:00,West Street,n/a
20,0,2014-02-20 20:20:00,High Street,n/a
65,0,2014-02-20 20:20:00,High Street,n/a
48,5,2014-02-20 20:20:00,West Street,n/a
31,1,2014-02-20 20:20:00,High Street,n/a
28,0,2014-02-20 20:20:00,North Street,n/a
27,0,2014-02-20 20:20:00,South Street,n/a
41,9,2014-02-20 20:20:00,West Street,n/a
73,4,2014-02-20 20:20:00,South Street,n/a
47,3,2014-02-20 20:20:00,South Street,n/a
39,7,2014-02-20 20:25:00,South Street,n/a
28,0,2014-02-20 20:25:00,North Street,n/a
63,0,2014-02-20 20:25:00,South Street,n/a
62,1,2014-02-20 20:25:00,West Street,n/a
68,4,2014-02-20 20:25:00,North Street,n/a
49,0,2014-02-20 20:25:00,South Street,n/a
33,0,2014-02-20 20:25:00,South Street,n/a
24,0,2014-02-20 20:25:00,High Street,n/a
68,0,2014-02-20 20:25:00,High Street,n/a
37,9,2014-02-20 20:25:00,South Street,n/a
53,1,2014-02-20 20:30:00,South Street,n/a
92,3,2014-02-20 20:30:00,South Street,n/a
63,1,2014-02-20 20:30:00,West Street,n/a
24,0,2014-02-20 20:30:00,North Street,n/a
82,4,2014-02-20 20:30:00,High Street,n/a
54,5,2014-02-20 20:30:00,North Street,n/a
62,0,2014-02-20 20:30:00,South Street,n/a
25,0,2014-02-20 20:30:00,South Street,n/a
38,0,2014-02-20 20:30:00,North Street,n/a
46,1,2014-02-20 20:30:00,North Street,n/a
59,1,2014-02-20 20:35:00,South Street,n/a
21,0,2014-02-20 20:35:00,High Street,n/a
63,0,2014-02-20 20:35:00,North Street,n/a
29,1,2014-02-20 20:35:00,North Street,n/a
43,3,2014-02-20 20:35:00,High Street,n/a
45,3,2014-02-20 20:35:00,North Street,n/a
91,3,2014-02-20 20:35:00,South Street,n/a
41,7,2014-02-20 20:35:00,North Street,n/a
21,1,2014-02-20 20:35:00,North Street,n/a
35,3,2014-02-20 20:35:00,South Street,n/a
0,0,2014-02-20 20:40:00,North Street,n/a
57,0,2014-02-20 20:40:00,North Street,n/a
53,0,2014-02-20 20:40:00,South Street,n/a
48,0,2014-02-20 20:40:00,West Street,n/a
21,1,2014-02-20 20:40:00,South Street,n/a
17,1,2014-02-20 20:40:00,South Street,n/a
0,0,2014-02-20 20:40:00,High Street,n/a
29,1,2014-02-20 20:40:00,South Street,n/a
37,0,2014-02-20 20:40:00,North Street,n/a
23,2,2014-02-20 20:40:00,West Street,n/a
56,2,2014-02-20 20:45:00,South Street,n/a
28,0,2014-02-20 20:45:00,South Street,n/a
41,0,2014-02-20 20:45:00,North Street,n/a
38,0,2014-02-20 20:45:00,North Street,n/a
61,1,2014-02-20 20:45:00,South Street,n/a
63,4,2014-02-20 20:45:00,North Street,n/a
31,1,2014-02-20 20:45:00,High Street,n/a
48,0,2014-02-20 20:45:00,West Street,n/a
0,0,2014-02-20 20:45:00,North Street,n/a
29,1,2014-02-20 20:45:00,East Street,n/a
43,2,2014-02-20 20:50:00,North Street,n/a
36,0,2014-02-20 20:50:00,South Street,n/a
25,0,2014-02-20 20:50:00,West Street,n/a
34,0,2014-02-20 20:50:00,South Street,n/a
68,0,2014-02-20 20:50:00,High Street,n/a
47,4,2014-02-20 20:50:00,South Street,n/a
79,1,2014-02-20 20:50:00,East Street,n/a
19,3,2014-02-20 20:50:00,North Street,n/a
60,1,2014-02-20 20:50:00,North Street,n/a
45,6,2014-02-20 20:50:00,North Street,n/a
29,2,2014-02-20 20:55:00,West Street,n/a
21,2,2014-02-20 20:55:00,North Street,n/a
78,2,2014-02-20 20:55:00,North Street,n/a
51,0,2014-02-20 20:55:00,High Street,n/a
52,0,2014-02-20 20:55:00,South Street,n/a
68,0,2014-02-20 20:55:00,North Street,n/a
49,0,2014-02-20 20:55:00,West Street,n/a
43,0,2014-02-20 20:55:00,West Street,n/a
25,0,2014-02-20 20:55:00,South Street,n/a
52,1,2014-02-20 20:55:00,West Street,n/a
62,1,2014-02-20 21:00:00,South Street,n/a
30,1,2014-02-20 21:00:00,High Street,n/a
73,2,2014-02-20 21:00:00,West Street,n/a
32,1,2014-02-20 21:00:00,High Street,n/a
20,0,2014-02-20 21:00:00,High Street,n/a
67,1,2014-02-20 21:00:00,East Street,n/a
31,0,2014-02-20 21:00:00,North Street,n/a
29,1,2014-02-20 21:00:00,West Street,n/a
26,1,2014-02-20 21:00:00,High Street,n/a
84,0,2014-02-20 21:05:00,West Street,n/a
42,0,2014-02-20 21:05:00,High Street,n/a
52,4,2014-02-20 21:05:00,North Street,n/a
34,0,2014-02-20 21:05:00,High Street,n/a
29,2,2014-02-20 21:05:00,North Street,n/a
26,1,2014-02-20 21:05:00,North Street,n/a
52,0,2014-02-20 21:05:00,North Street,n/a
20,0,2014-02-20 21:05:00,North Street,n/a
0,0,2014-02-20 21:05:00,High Street,n/a
0,0,2014-02-20 21:10:00,South Street,n/a
53,0,2014-02-20 21:10:00,West Street,n/a
46,1,2014-02-20 21:10:00,High Street,n/a
32,0,2014-02-20 21:10:00,South Street,n/a
55,6,2014-02-20 21:10:00,High Street,n/a
43,2,2014-02-20 21:10:00,High Street,n/a
55,2,2014-02-20 21:10:00,North Street,n/a
28,0,2014-02-20 21:10:00,South Street,n/a
11,0,2014-02-20 21:10:00,West Street,n/a
46,0,2014-02-20 21:10:00,North Street,n/a
20,0,2014-02-20 21:15:00,South Street,n/a
52,0,2014-02-20 21:15:00,South Street,n/a
64,7,2014-02-20 21:15:00,North Street,n/a
0,0,2014-02-20 21:16:00,North Street,n/a
61,0,2014-02-20 21:15:00,High Street,n/a
11,0,2014-02-20 21:15:00,North Street,n/a
44,1,2014-02-20 21:15:00,High Street,n/a
93,4,2014-02-20 21:15:00,North Street,n/a
39,1,2014-02-20 21:15:00,North Street,n/a
0,0,2014-02-20 21:15:00,North Street,n/a
41,0,2014-02-20 21:20:00,North Street,n/a
78,3,2014-02-20 21:20:00,West Street,n/a
51,4,2014-02-20 21:20:00,North Street,n/a
61,0,2014-02-20 21:21:00,High Street,n/a
53,0,2014-02-20 21:20:00,High Street,n/a
40,0,2014-02-20 21:20:00,South Street,n/a
23,0,2014-02-20 21:20:00,North Street,n/a
74,3,2014-02-20 21:20:00,North Street,n/a
42,0,2014-02-20 21:20:00,North Street,n/a
57,2,2014-02-20 21:20:00,North Street,n/a
46,0,2014-02-20 21:25:00,South Street,n/a
56,0,2014-02-20 21:25:00,High Street,n/a
24,0,2014-02-20 21:25:00,South Street,n/a
43,0,2014-02-20 21:26:00,South Street,n/a
38,2,2014-02-20 21:25:00,South Street,n/a
11,0,2014-02-20 21:25:00,South Street,n/a
25,2,2014-02-20 21:25:00,High Street,n/a
44,3,2014-02-20 21:25:00,North Street,n/a
30,0,2014-02-20 21:25:00,North Street,n/a
74,5,2014-02-20 21:25:00,North Street,n/a
37,3,2014-02-20 21:30:00,South Street,n/a
30,0,2014-02-20 21:30:00,High Street,n/a
78,1,2014-02-20 21:30:00,West Street,n/a
43,0,2014-02-20 21:26:00,South Street,n/a
40,0,2014-02-20 21:30:00,High Street,n/a
33,0,2014-02-20 21:30:00,North Street,n/a
20,0,2014-02-20 21:30:00,High Street,n/a
91,6,2014-02-20 21:30:00,High Street,n/a
29,0,2014-02-20 21:30:00,High Street,n/a
24,0,2014-02-20 21:30:00,South Street,n/a
42,0,2014-02-20 21:35:00,High Street,n/a
34,0,2014-02-20 21:35:00,South Street,n/a
106,1,2014-02-20 21:35:00,North Street,n/a
46,0,2014-02-20 21:35:00,North Street,n/a
28,1,2014-02-20 21:35:00,South Street,n/a
39,0,2014-02-20 21:35:00,North Street,n/a
63,0,2014-02-20 21:35:00,North Street,n/a
22,1,2014-02-20 21:35:00,South Street,n/a
30,0,2014-02-20 21:35:00,West Street,n/a
45,0,2014-02-20 21:40:00,West Street,n/a
28,2,2014-02-20 21:40:00,High Street,n/a
56,0,2014-02-20 21:40:00,High Street,n/a
27,1,2014-02-20 21:40:00,South Street,n/a
63,0,2014-02-20 21:40:00,West Street,n/a
0,0,2014-02-20 21:40:00,West Street,n/a
53,0,2014-02-20 21:40:00,West Street,n/a
61,3,2014-02-20 21:40:00,North Street,n/a
73,0,2014-02-20 21:40:00,South Street,n/a
87,0,2014-02-20 21:40:00,North Street,n/a
27,1,2014-02-20 21:45:00,South Street,n/a
34,0,2014-02-20 21:45:00,High Street,n/a
40,1,2014-02-20 21:45:00,High Street,n/a
33,2,2014-02-20 21:45:00,West Street,n/a
0,0,2014-02-20 21:45:00,High Street,n/a
41,1,2014-02-20 21:45:00,West Street,n/a
31,0,2014-02-20 21:45:00,North Street,n/a
38,0,2014-02-20 21:45:00,South Street,n/a
62,0,2014-02-20 21:45:00,High Street,n/a
39,0,2014-02-20 21:45:00,South Street,n/a
43,5,2014-02-20 21:50:00,West Street,n/a
36,0,2014-02-20 21:50:00,High Street,n/a
20,0,2014-02-20 21:50:00,West Street,n/a
80,1,2014-02-20 21:50:00,West Street,n/a
105,6,2014-02-20 21:50:00,South Street,n/a
27,0,2014-02-20 21:50:00,High Street,n/a
45,0,2014-02-20 21:50:00,South Street,n/a
78,2,2014-02-20 21:50:00,North Street,n/a
62,1,2014-02-20 21:50:00,South Street,n/a
0,0,2014-02-20 21:50:00,South Street,n/a
34,1,2014-02-20 21:55:00,North Street,n/a
39,6,2014-02-20 21:55:00,North Street,n/a
41,1,2014-02-20 21:55:00,East Street,n/a
46,0,2014-02-20 21:55:00,South Street,n/a
31,0,2014-02-20 21:55:00,North Street,n/a
20,0,2014-02-20 21:55:00,West Street,n/a
48,0,2014-02-20 21:55:00,High Street,n/a
65,1,2014-02-20 21:55:00,High Street,n/a
37,1,2014-02-20 21:55:00,West Street,n/a
78,1,2014-02-20 21:55:00,High Street,n/a
89,2,2014-02-20 22:00:00,North Street,n/a
35,1,2014-02-20 22:00:00,West Street,n/a
20,0,2014-02-20 22:00:00,North Street,n/a
36,2,2014-02-20 22:00:00,West Street,n/a
49,2,2014-02-20 22:00:00,West Street,n/a
73,4,2014-02-20 22:00:00,North Street,n/a
78,2,2014-02-20 22:00:00,West Street,n/a
58,7,2014-02-20 22:00:00,High Street,n/a
89,2,2014-02-20 22:00:00,South Street,n/a
52,3,2014-02-20 22:00:00,North Street,n/a
40,1,2014-02-20 22:05:00,West Street,n/a
26,2,2014-02-20 22:05:00,South Street,n/a
59,1,2014-02-20 22:05:00,West Street,n/a
90,3,2014-02-20 22:05:00,North Street,n/a
56,3,2014-02-20 22:05:00,High Street,n/a
85,1,2014-02-20 22:05:00,High Street,n/a
0,0,2014-02-20 22:05:00,North Street,n/a
40,0,2014-02-20 22:05:00,South Street,n/a
70,0,2014-02-20 22:05:00,North Street,n/a
19,2,2014-02-20 22:05:00,North Street,n/a
34,4,2014-02-20 22:10:00,South Street,n/a
40,0,2014-02-20 22:10:00,High Street,n/a
0,0,2014-02-20 22:11:00,North Street,n/a
59,0,2014-02-20 22:10:00,South Street,n/a
21,0,2014-02-20 22:10:00,West Street,n/a
55,1,2014-02-20 22:10:00,West Street,n/a
50,4,2014-02-20 22:10:00,East Street,n/a
55,0,2014-02-20 22:10:00,West Street,n/a
48,1,2014-02-20 22:10:00,North Street,n/a
28,0,2014-02-20 22:10:00,East Street,n/a
22,0,2014-02-20 22:15:00,West Street,n/a
52,0,2014-02-20 22:15:00,West Street,n/a
15,0,2014-02-20 22:15:00,South Street,n/a
26,0,2014-02-20 22:15:00,High Street,n/a
11,0,2014-02-20 22:15:00,North Street,n/a
63,0,2014-02-20 22:15:00,South Street,n/a
31,0,2014-02-20 22:15:00,North Street,n/a
27,3,2014-02-20 22:15:00,West Street,n/a
74,2,2014-02-20 22:15:00,South Street,n/a
31,5,2014-02-20 22:15:00,East Street,n/a
45,0,2014-02-20 22:20:00,South Street,n/a
26,2,2014-02-20 22:20:00,High Street,n/a
65,1,2014-02-20 22:20:00,North Street,n/a
26,1,2014-02-20 22:20:00,West Street,n/a
63,0,2014-02-20 22:20:00,North Street,n/a
72,3,2014-02-20 22:20:00,West Street,n/a
0,0,2014-02-20 22:20:00,West Street,n/a
33,4,2014-02-20 22:20:00,West Street,n/a
107,1,2014-02-20 22:20:00,South Street,n/a
27,0,2014-02-20 22:20:00,South Street,n/a
61,0,2014-02-20 22:25:00,South Street,n/a
11,0,2014-02-20 22:25:00,West Street,n/a
30,1,2014-02-20 22:25:00,North Street,n/a
65,1,2014-02-20 22:25:00,West Street,n/a
26,0,2014-02-20 22:25:00,South Street,n/a
107,0,2014-02-20 22:25:00,North Street,n/a
30,0,2014-02-20 22:25:00,South Street,n/a
55,0,2014-02-20 22:25:00,South Street,n/a
70,1,2014-02-20 22:25:00,North Street,n/a
42,0,2014-02-20 22:25:00,North Street,n/a
52,1,2014-02-20 22:30:00,South Street,n/a
36,0,2014-02-20 22:30:00,High Street,n/a
39,0,2014-02-20 22:30:00,North Street,n/a
53,0,2014-02-20 22:30:00,High Street,n/a
67,0,2014-02-20 22:30:00,South Street,n/a
63,0,2014-02-20 22:30:00,East Street,n/a
52,0,2014-02-20 22:30:00,High Street,n/a
56,2,2014-02-20 22:30:00,High Street,n/a
11,0,2014-02-20 22:30:00,South Street,n/a
68,0,2014-02-20 22:30:00,North Street,n/a
55,0,2014-02-20 22:35:00,West Street,n/a
79,4,2014-02-20 22:35:00,North Street,n/a
0,0,2014-02-20 22:35:00,North Street,n/a
94,4,2014-02-20 22:35:00,North Street,n/a
